Number,File Name,Format,Mode,Creation Time
1,/content/drive/MyDrive/ColabNotebooks/outfit_items_dataset 2 (1)/one-piece/dress/one-piece_dress12872.png,PNG,RGB,2023-06
2,/content/drive/MyDrive/ColabNotebooks/outfit_items_dataset 2 (1)/one-piece/dress/one-piece_dress12787.png,PNG,RGB,2023-06
3,/content/drive/MyDrive/ColabNotebooks/outfit_items_dataset 2 (1)/one-piece/dress/one-piece_dress12821.png,PNG,RGB,2023-06
4,/content/drive/MyDrive/ColabNotebooks/outfit_items_dataset 2 (1)/one-piece/dress/one-piece_dress12834.png,PNG,RGB,2023-06
5,/content/drive/MyDrive/ColabNotebooks/outfit_items_dataset 2 (1)/one-piece/dress/one-piece_dress12814.png,PNG,RGB,2023-06
6,/content/drive/MyDrive/ColabNotebooks/outfit_items_dataset 2 (1)/one-piece/dress/one-piece_dress12858.png,PNG,RGB,2023-06
7,/content/drive/MyDrive/ColabNotebooks/outfit_items_dataset 2 (1)/one-piece/dress/one-piece_dress12843.png,PNG,RGB,2023-06
8,/content/drive/MyDrive/ColabNotebooks/outfit_items_dataset 2 (1)/one-piece/dress/one-piece_dress1281.png,PNG,RGB,2023-06
9,/content/drive/MyDrive/ColabNotebooks/outfit_items_dataset 2 (1)/one-piece/dress/one-piece_dress12829.png,PNG,RGB,2023-06
10,/content/drive/MyDrive/ColabNotebooks/outfit_items_dataset 2 (1)/one-piece/dress/one-piece_dress12854.png,PNG,RGB,2023-06
11,/content/drive/MyDrive/ColabNotebooks/outfit_items_dataset 2 (1)/one-piece/dress/one-piece_dress12803.png,PNG,RGB,2023-06
12,/content/drive/MyDrive/ColabNotebooks/outfit_items_dataset 2 (1)/one-piece/dress/one-piece_dress12881.png,PNG,RGB,2023-06
13,/content/drive/MyDrive/ColabNotebooks/outfit_items_dataset 2 (1)/one-piece/dress/one-piece_dress12789.png,PNG,RGB,2023-06
14,/content/drive/MyDrive/ColabNotebooks/outfit_items_dataset 2 (1)/one-piece/dress/one-piece_dress12798.png,PNG,RGB,2023-06
15,/content/drive/MyDrive/ColabNotebooks/outfit_items_dataset 2 (1)/one-piece/dress/one-piece_dress12879.png,PNG,RGB,2023-06
16,/content/drive/MyDrive/ColabNotebooks/outfit_items_dataset 2 (1)/one-piece/dress/one-piece_dress12833.png,PNG,RGB,2023-06
17,/content/drive/MyDrive/ColabNotebooks/outfit_items_dataset 2 (1)/one-piece/dress/one-piece_dress12862.png,PNG,RGB,2023-06
18,/content/drive/MyDrive/ColabNotebooks/outfit_items_dataset 2 (1)/one-piece/dress/one-piece_dress12806.png,PNG,RGB,2023-06
19,/content/drive/MyDrive/ColabNotebooks/outfit_items_dataset 2 (1)/one-piece/dress/one-piece_dress12839.png,PNG,RGB,2023-06
20,/content/drive/MyDrive/ColabNotebooks/outfit_items_dataset 2 (1)/one-piece/dress/one-piece_dress12838.png,PNG,RGB,2023-06
21,/content/drive/MyDrive/ColabNotebooks/outfit_items_dataset 2 (1)/one-piece/dress/one-piece_dress12846.png,PNG,RGB,2023-06
22,/content/drive/MyDrive/ColabNotebooks/outfit_items_dataset 2 (1)/one-piece/dress/one-piece_dress12819.png,PNG,RGB,2023-06
23,/content/drive/MyDrive/ColabNotebooks/outfit_items_dataset 2 (1)/one-piece/dress/one-piece_dress12892.png,PNG,RGB,2023-06
24,/content/drive/MyDrive/ColabNotebooks/outfit_items_dataset 2 (1)/one-piece/dress/one-piece_dress1288.png,PNG,RGB,2023-06
25,/content/drive/MyDrive/ColabNotebooks/outfit_items_dataset 2 (1)/one-piece/dress/one-piece_dress12898.png,PNG,RGB,2023-06
26,/content/drive/MyDrive/ColabNotebooks/outfit_items_dataset 2 (1)/one-piece/dress/one-piece_dress12828.png,PNG,RGB,2023-06
27,/content/drive/MyDrive/ColabNotebooks/outfit_items_dataset 2 (1)/one-piece/dress/one-piece_dress12865.png,PNG,RGB,2023-06
28,/content/drive/MyDrive/ColabNotebooks/outfit_items_dataset 2 (1)/one-piece/dress/one-piece_dress12886.png,PNG,RGB,2023-06
29,/content/drive/MyDrive/ColabNotebooks/outfit_items_dataset 2 (1)/one-piece/dress/one-piece_dress12850.png,PNG,RGB,2023-06
30,/content/drive/MyDrive/ColabNotebooks/outfit_items_dataset 2 (1)/one-piece/dress/one-piece_dress12869.png,PNG,RGB,2023-06
31,/content/drive/MyDrive/ColabNotebooks/outfit_items_dataset 2 (1)/one-piece/dress/one-piece_dress12907.png,PNG,RGB,2023-06
32,/content/drive/MyDrive/ColabNotebooks/outfit_items_dataset 2 (1)/one-piece/dress/one-piece_dress12840.png,PNG,RGB,2023-06
33,/content/drive/MyDrive/ColabNotebooks/outfit_items_dataset 2 (1)/one-piece/dress/one-piece_dress12891.png,PNG,RGB,2023-06
34,/content/drive/MyDrive/ColabNotebooks/outfit_items_dataset 2 (1)/one-piece/dress/one-piece_dress12790.png,PNG,RGB,2023-06
35,/content/drive/MyDrive/ColabNotebooks/outfit_items_dataset 2 (1)/one-piece/dress/one-piece_dress12842.png,PNG,RGB,2023-06
36,/content/drive/MyDrive/ColabNotebooks/outfit_items_dataset 2 (1)/one-piece/dress/one-piece_dress129.png,PNG,RGB,2023-06
37,/content/drive/MyDrive/ColabNotebooks/outfit_items_dataset 2 (1)/one-piece/dress/one-piece_dress12894.png,PNG,RGB,2023-06
38,/content/drive/MyDrive/ColabNotebooks/outfit_items_dataset 2 (1)/one-piece/dress/one-piece_dress12844.png,PNG,RGB,2023-06
39,/content/drive/MyDrive/ColabNotebooks/outfit_items_dataset 2 (1)/one-piece/dress/one-piece_dress12851.png,PNG,RGB,2023-06
40,/content/drive/MyDrive/ColabNotebooks/outfit_items_dataset 2 (1)/one-piece/dress/one-piece_dress12796.png,PNG,RGB,2023-06
41,/content/drive/MyDrive/ColabNotebooks/outfit_items_dataset 2 (1)/one-piece/dress/one-piece_dress12855.png,PNG,RGB,2023-06
42,/content/drive/MyDrive/ColabNotebooks/outfit_items_dataset 2 (1)/one-piece/dress/one-piece_dress12794.png,PNG,RGB,2023-06
43,/content/drive/MyDrive/ColabNotebooks/outfit_items_dataset 2 (1)/one-piece/dress/one-piece_dress12835.png,PNG,RGB,2023-06
44,/content/drive/MyDrive/ColabNotebooks/outfit_items_dataset 2 (1)/one-piece/dress/one-piece_dress12860.png,PNG,RGB,2023-06
45,/content/drive/MyDrive/ColabNotebooks/outfit_items_dataset 2 (1)/one-piece/dress/one-piece_dress12887.png,PNG,RGB,2023-06
46,/content/drive/MyDrive/ColabNotebooks/outfit_items_dataset 2 (1)/one-piece/dress/one-piece_dress12823.png,PNG,RGB,2023-06
47,/content/drive/MyDrive/ColabNotebooks/outfit_items_dataset 2 (1)/one-piece/dress/one-piece_dress12871.png,PNG,RGB,2023-06
48,/content/drive/MyDrive/ColabNotebooks/outfit_items_dataset 2 (1)/one-piece/dress/one-piece_dress12885.png,PNG,RGB,2023-06
49,/content/drive/MyDrive/ColabNotebooks/outfit_items_dataset 2 (1)/one-piece/dress/one-piece_dress12820.png,PNG,RGB,2023-06
50,/content/drive/MyDrive/ColabNotebooks/outfit_items_dataset 2 (1)/one-piece/dress/one-piece_dress12791.png,PNG,RGB,2023-06
51,/content/drive/MyDrive/ColabNotebooks/outfit_items_dataset 2 (1)/one-piece/dress/one-piece_dress12805.png,PNG,RGB,2023-06
52,/content/drive/MyDrive/ColabNotebooks/outfit_items_dataset 2 (1)/one-piece/dress/one-piece_dress1291.png,PNG,RGB,2023-06
53,/content/drive/MyDrive/ColabNotebooks/outfit_items_dataset 2 (1)/one-piece/dress/one-piece_dress12863.png,PNG,RGB,2023-06
54,/content/drive/MyDrive/ColabNotebooks/outfit_items_dataset 2 (1)/one-piece/dress/one-piece_dress12811.png,PNG,RGB,2023-06
55,/content/drive/MyDrive/ColabNotebooks/outfit_items_dataset 2 (1)/one-piece/dress/one-piece_dress12883.png,PNG,RGB,2023-06
56,/content/drive/MyDrive/ColabNotebooks/outfit_items_dataset 2 (1)/one-piece/dress/one-piece_dress12912.png,PNG,RGB,2023-06
57,/content/drive/MyDrive/ColabNotebooks/outfit_items_dataset 2 (1)/one-piece/dress/one-piece_dress12807.png,PNG,RGB,2023-06
58,/content/drive/MyDrive/ColabNotebooks/outfit_items_dataset 2 (1)/one-piece/dress/one-piece_dress12884.png,PNG,RGB,2023-06
59,/content/drive/MyDrive/ColabNotebooks/outfit_items_dataset 2 (1)/one-piece/dress/one-piece_dress12903.png,PNG,RGB,2023-06
60,/content/drive/MyDrive/ColabNotebooks/outfit_items_dataset 2 (1)/one-piece/dress/one-piece_dress1283.png,PNG,RGB,2023-06
61,/content/drive/MyDrive/ColabNotebooks/outfit_items_dataset 2 (1)/one-piece/dress/one-piece_dress12910.png,PNG,RGB,2023-06
62,/content/drive/MyDrive/ColabNotebooks/outfit_items_dataset 2 (1)/one-piece/dress/one-piece_dress12801.png,PNG,RGB,2023-06
63,/content/drive/MyDrive/ColabNotebooks/outfit_items_dataset 2 (1)/one-piece/dress/one-piece_dress12867.png,PNG,RGB,2023-06
64,/content/drive/MyDrive/ColabNotebooks/outfit_items_dataset 2 (1)/one-piece/dress/one-piece_dress12866.png,PNG,RGB,2023-06
65,/content/drive/MyDrive/ColabNotebooks/outfit_items_dataset 2 (1)/one-piece/dress/one-piece_dress12812.png,PNG,RGB,2023-06
66,/content/drive/MyDrive/ColabNotebooks/outfit_items_dataset 2 (1)/one-piece/dress/one-piece_dress12897.png,PNG,RGB,2023-06
67,/content/drive/MyDrive/ColabNotebooks/outfit_items_dataset 2 (1)/one-piece/dress/one-piece_dress12822.png,PNG,RGB,2023-06
68,/content/drive/MyDrive/ColabNotebooks/outfit_items_dataset 2 (1)/one-piece/dress/one-piece_dress12875.png,PNG,RGB,2023-06
69,/content/drive/MyDrive/ColabNotebooks/outfit_items_dataset 2 (1)/one-piece/dress/one-piece_dress12876.png,PNG,RGB,2023-06
70,/content/drive/MyDrive/ColabNotebooks/outfit_items_dataset 2 (1)/one-piece/dress/one-piece_dress12899.png,PNG,RGB,2023-06
71,/content/drive/MyDrive/ColabNotebooks/outfit_items_dataset 2 (1)/one-piece/dress/one-piece_dress12888.png,PNG,RGB,2023-06
72,/content/drive/MyDrive/ColabNotebooks/outfit_items_dataset 2 (1)/one-piece/dress/one-piece_dress1287.png,PNG,RGB,2023-06
73,/content/drive/MyDrive/ColabNotebooks/outfit_items_dataset 2 (1)/one-piece/dress/one-piece_dress1284.png,PNG,RGB,2023-06
74,/content/drive/MyDrive/ColabNotebooks/outfit_items_dataset 2 (1)/one-piece/dress/one-piece_dress12802.png,PNG,RGB,2023-06
75,/content/drive/MyDrive/ColabNotebooks/outfit_items_dataset 2 (1)/one-piece/dress/one-piece_dress12792.png,PNG,RGB,2023-06
76,/content/drive/MyDrive/ColabNotebooks/outfit_items_dataset 2 (1)/one-piece/dress/one-piece_dress12895.png,PNG,RGB,2023-06
77,/content/drive/MyDrive/ColabNotebooks/outfit_items_dataset 2 (1)/one-piece/dress/one-piece_dress12873.png,PNG,RGB,2023-06
78,/content/drive/MyDrive/ColabNotebooks/outfit_items_dataset 2 (1)/one-piece/dress/one-piece_dress12902.png,PNG,RGB,2023-06
79,/content/drive/MyDrive/ColabNotebooks/outfit_items_dataset 2 (1)/one-piece/dress/one-piece_dress12890.png,PNG,RGB,2023-06
80,/content/drive/MyDrive/ColabNotebooks/outfit_items_dataset 2 (1)/one-piece/dress/one-piece_dress12809.png,PNG,RGB,2023-06
81,/content/drive/MyDrive/ColabNotebooks/outfit_items_dataset 2 (1)/one-piece/dress/one-piece_dress1280.png,PNG,RGB,2023-06
82,/content/drive/MyDrive/ColabNotebooks/outfit_items_dataset 2 (1)/one-piece/dress/one-piece_dress12859.png,PNG,RGB,2023-06
83,/content/drive/MyDrive/ColabNotebooks/outfit_items_dataset 2 (1)/one-piece/dress/one-piece_dress12788.png,PNG,RGB,2023-06
84,/content/drive/MyDrive/ColabNotebooks/outfit_items_dataset 2 (1)/one-piece/dress/one-piece_dress12852.png,PNG,RGB,2023-06
85,/content/drive/MyDrive/ColabNotebooks/outfit_items_dataset 2 (1)/one-piece/dress/one-piece_dress12908.png,PNG,RGB,2023-06
86,/content/drive/MyDrive/ColabNotebooks/outfit_items_dataset 2 (1)/one-piece/dress/one-piece_dress12804.png,PNG,RGB,2023-06
87,/content/drive/MyDrive/ColabNotebooks/outfit_items_dataset 2 (1)/one-piece/dress/one-piece_dress12909.png,PNG,RGB,2023-06
88,/content/drive/MyDrive/ColabNotebooks/outfit_items_dataset 2 (1)/one-piece/dress/one-piece_dress128.png,PNG,RGB,2023-06
89,/content/drive/MyDrive/ColabNotebooks/outfit_items_dataset 2 (1)/one-piece/dress/one-piece_dress12818.png,PNG,RGB,2023-06
90,/content/drive/MyDrive/ColabNotebooks/outfit_items_dataset 2 (1)/one-piece/dress/one-piece_dress12837.png,PNG,RGB,2023-06
91,/content/drive/MyDrive/ColabNotebooks/outfit_items_dataset 2 (1)/one-piece/dress/one-piece_dress12893.png,PNG,RGB,2023-06
92,/content/drive/MyDrive/ColabNotebooks/outfit_items_dataset 2 (1)/one-piece/dress/one-piece_dress12800.png,PNG,RGB,2023-06
93,/content/drive/MyDrive/ColabNotebooks/outfit_items_dataset 2 (1)/one-piece/dress/one-piece_dress1279.png,PNG,RGB,2023-06
94,/content/drive/MyDrive/ColabNotebooks/outfit_items_dataset 2 (1)/one-piece/dress/one-piece_dress12861.png,PNG,RGB,2023-06
95,/content/drive/MyDrive/ColabNotebooks/outfit_items_dataset 2 (1)/one-piece/dress/one-piece_dress12816.png,PNG,RGB,2023-06
96,/content/drive/MyDrive/ColabNotebooks/outfit_items_dataset 2 (1)/one-piece/dress/one-piece_dress1290.png,PNG,RGB,2023-06
97,/content/drive/MyDrive/ColabNotebooks/outfit_items_dataset 2 (1)/one-piece/dress/one-piece_dress12830.png,PNG,RGB,2023-06
98,/content/drive/MyDrive/ColabNotebooks/outfit_items_dataset 2 (1)/one-piece/dress/one-piece_dress12882.png,PNG,RGB,2023-06
99,/content/drive/MyDrive/ColabNotebooks/outfit_items_dataset 2 (1)/one-piece/dress/one-piece_dress12857.png,PNG,RGB,2023-06
100,/content/drive/MyDrive/ColabNotebooks/outfit_items_dataset 2 (1)/one-piece/dress/one-piece_dress12825.png,PNG,RGB,2023-06
