Image,Number of Colors
one-piece_dress13271.png,9
one-piece_dress11466.png,9
one-piece_dress10778.png,9
one-piece_dress11300.png,9
one-piece_dress12609.png,9
one-piece_dress11314.png,9
one-piece_dress11472.png,9
one-piece_dress13265.png,9
one-piece_dress10744.png,9
one-piece_dress1089.png,9
one-piece_dress12153.png,9
one-piece_dress12635.png,9
one-piece_dress10022.png,9
one-piece_dress10036.png,9
one-piece_dress11328.png,9
one-piece_dress12621.png,9
one-piece_dress13259.png,9
one-piece_dress12147.png,9
one-piece_dress10988.png,9
one-piece_dress10750.png,9
one-piece_dress1076.png,9
one-piece_dress10963.png,9
one-piece_dress12812.png,9
one-piece_dress12806.png,9
one-piece_dress1062.png,9
one-piece_dress10977.png,9
one-piece_dress12190.png,9
one-piece_dress10787.png,9
one-piece_dress11499.png,9
one-piece_dress10793.png,9
one-piece_dress12184.png,9
one-piece_dress13715.png,9
one-piece_dress11102.png,9
one-piece_dress11664.png,9
one-piece_dress13073.png,9
one-piece_dress13067.png,9
one-piece_dress11670.png,9
one-piece_dress11116.png,9
one-piece_dress10208.png,9
one-piece_dress13701.png,9
one-piece_dress10220.png,9
one-piece_dress13729.png,9
one-piece_dress12351.png,9
one-piece_dress11880.png,9
one-piece_dress10546.png,9
one-piece_dress11658.png,9
one-piece_dress11894.png,9
one-piece_dress10552.png,9
one-piece_dress12345.png,9
one-piece_dress10234.png,9
one-piece_dress104.png,9
one-piece_dress1274.png,9
one-piece_dress1260.png,9
one-piece_dress110.png,9
one-piece_dress11843.png,9
one-piece_dress1248.png,9
one-piece_dress10585.png,9
one-piece_dress13098.png,9
one-piece_dress11857.png,9
one-piece_dress10591.png,9
one-piece_dress13661.png,9
one-piece_dress10368.png,9
one-piece_dress11076.png,9
one-piece_dress11710.png,9
one-piece_dress13107.png,9
one-piece_dress12219.png,9
one-piece_dress13113.png,9
one-piece_dress11704.png,9
one-piece_dress11062.png,9
one-piece_dress13675.png,9
one-piece_dress10354.png,9
one-piece_dress12543.png,9
one-piece_dress12225.png,9
one-piece_dress10432.png,9
one-piece_dress11738.png,9
one-piece_dress10426.png,9
one-piece_dress12231.png,9
one-piece_dress12557.png,9
one-piece_dress13649.png,9
one-piece_dress10340.png,9
one-piece_dress1300.png,9
one-piece_dress1314.png,9
one-piece_dress12580.png,9
one-piece_dress11089.png,9
one-piece_dress10397.png,9
one-piece_dress11937.png,9
one-piece_dress11923.png,9
one-piece_dress1328.png,9
one-piece_dress10383.png,9
one-piece_dress12594.png,9
one-piece_dress13305.png,9
one-piece_dress11512.png,9
one-piece_dress11274.png,9
one-piece_dress13463.png,9
one-piece_dress12769.png,9
one-piece_dress11260.png,9
one-piece_dress10618.png,9
one-piece_dress11506.png,9
one-piece_dress13311.png,9
one-piece_dress10630.png,9
