Number,File Name,Format,Mode
1,/content/drive/MyDrive/ColabNotebooks/outfit_items_dataset 2 (1)/one-piece/dress/one-piece_dress12872.png,PNG,RGB
2,/content/drive/MyDrive/ColabNotebooks/outfit_items_dataset 2 (1)/one-piece/dress/one-piece_dress12787.png,PNG,RGB
3,/content/drive/MyDrive/ColabNotebooks/outfit_items_dataset 2 (1)/one-piece/dress/one-piece_dress12821.png,PNG,RGB
4,/content/drive/MyDrive/ColabNotebooks/outfit_items_dataset 2 (1)/one-piece/dress/one-piece_dress12834.png,PNG,RGB
5,/content/drive/MyDrive/ColabNotebooks/outfit_items_dataset 2 (1)/one-piece/dress/one-piece_dress12814.png,PNG,RGB
6,/content/drive/MyDrive/ColabNotebooks/outfit_items_dataset 2 (1)/one-piece/dress/one-piece_dress12858.png,PNG,RGB
7,/content/drive/MyDrive/ColabNotebooks/outfit_items_dataset 2 (1)/one-piece/dress/one-piece_dress12843.png,PNG,RGB
8,/content/drive/MyDrive/ColabNotebooks/outfit_items_dataset 2 (1)/one-piece/dress/one-piece_dress1281.png,PNG,RGB
9,/content/drive/MyDrive/ColabNotebooks/outfit_items_dataset 2 (1)/one-piece/dress/one-piece_dress12829.png,PNG,RGB
10,/content/drive/MyDrive/ColabNotebooks/outfit_items_dataset 2 (1)/one-piece/dress/one-piece_dress12854.png,PNG,RGB
11,/content/drive/MyDrive/ColabNotebooks/outfit_items_dataset 2 (1)/one-piece/dress/one-piece_dress12803.png,PNG,RGB
12,/content/drive/MyDrive/ColabNotebooks/outfit_items_dataset 2 (1)/one-piece/dress/one-piece_dress12881.png,PNG,RGB
13,/content/drive/MyDrive/ColabNotebooks/outfit_items_dataset 2 (1)/one-piece/dress/one-piece_dress12789.png,PNG,RGB
14,/content/drive/MyDrive/ColabNotebooks/outfit_items_dataset 2 (1)/one-piece/dress/one-piece_dress12798.png,PNG,RGB
15,/content/drive/MyDrive/ColabNotebooks/outfit_items_dataset 2 (1)/one-piece/dress/one-piece_dress12879.png,PNG,RGB
16,/content/drive/MyDrive/ColabNotebooks/outfit_items_dataset 2 (1)/one-piece/dress/one-piece_dress12833.png,PNG,RGB
17,/content/drive/MyDrive/ColabNotebooks/outfit_items_dataset 2 (1)/one-piece/dress/one-piece_dress12862.png,PNG,RGB
18,/content/drive/MyDrive/ColabNotebooks/outfit_items_dataset 2 (1)/one-piece/dress/one-piece_dress12806.png,PNG,RGB
19,/content/drive/MyDrive/ColabNotebooks/outfit_items_dataset 2 (1)/one-piece/dress/one-piece_dress12839.png,PNG,RGB
20,/content/drive/MyDrive/ColabNotebooks/outfit_items_dataset 2 (1)/one-piece/dress/one-piece_dress12838.png,PNG,RGB
21,/content/drive/MyDrive/ColabNotebooks/outfit_items_dataset 2 (1)/one-piece/dress/one-piece_dress12846.png,PNG,RGB
22,/content/drive/MyDrive/ColabNotebooks/outfit_items_dataset 2 (1)/one-piece/dress/one-piece_dress12819.png,PNG,RGB
23,/content/drive/MyDrive/ColabNotebooks/outfit_items_dataset 2 (1)/one-piece/dress/one-piece_dress12892.png,PNG,RGB
24,/content/drive/MyDrive/ColabNotebooks/outfit_items_dataset 2 (1)/one-piece/dress/one-piece_dress1288.png,PNG,RGB
25,/content/drive/MyDrive/ColabNotebooks/outfit_items_dataset 2 (1)/one-piece/dress/one-piece_dress12898.png,PNG,RGB
26,/content/drive/MyDrive/ColabNotebooks/outfit_items_dataset 2 (1)/one-piece/dress/one-piece_dress12828.png,PNG,RGB
27,/content/drive/MyDrive/ColabNotebooks/outfit_items_dataset 2 (1)/one-piece/dress/one-piece_dress12865.png,PNG,RGB
28,/content/drive/MyDrive/ColabNotebooks/outfit_items_dataset 2 (1)/one-piece/dress/one-piece_dress12886.png,PNG,RGB
29,/content/drive/MyDrive/ColabNotebooks/outfit_items_dataset 2 (1)/one-piece/dress/one-piece_dress12850.png,PNG,RGB
30,/content/drive/MyDrive/ColabNotebooks/outfit_items_dataset 2 (1)/one-piece/dress/one-piece_dress12869.png,PNG,RGB
31,/content/drive/MyDrive/ColabNotebooks/outfit_items_dataset 2 (1)/one-piece/dress/one-piece_dress12907.png,PNG,RGB
32,/content/drive/MyDrive/ColabNotebooks/outfit_items_dataset 2 (1)/one-piece/dress/one-piece_dress12840.png,PNG,RGB
33,/content/drive/MyDrive/ColabNotebooks/outfit_items_dataset 2 (1)/one-piece/dress/one-piece_dress12891.png,PNG,RGB
34,/content/drive/MyDrive/ColabNotebooks/outfit_items_dataset 2 (1)/one-piece/dress/one-piece_dress12790.png,PNG,RGB
35,/content/drive/MyDrive/ColabNotebooks/outfit_items_dataset 2 (1)/one-piece/dress/one-piece_dress12842.png,PNG,RGB
36,/content/drive/MyDrive/ColabNotebooks/outfit_items_dataset 2 (1)/one-piece/dress/one-piece_dress129.png,PNG,RGB
37,/content/drive/MyDrive/ColabNotebooks/outfit_items_dataset 2 (1)/one-piece/dress/one-piece_dress12894.png,PNG,RGB
38,/content/drive/MyDrive/ColabNotebooks/outfit_items_dataset 2 (1)/one-piece/dress/one-piece_dress12844.png,PNG,RGB
39,/content/drive/MyDrive/ColabNotebooks/outfit_items_dataset 2 (1)/one-piece/dress/one-piece_dress12851.png,PNG,RGB
40,/content/drive/MyDrive/ColabNotebooks/outfit_items_dataset 2 (1)/one-piece/dress/one-piece_dress12796.png,PNG,RGB
41,/content/drive/MyDrive/ColabNotebooks/outfit_items_dataset 2 (1)/one-piece/dress/one-piece_dress12855.png,PNG,RGB
42,/content/drive/MyDrive/ColabNotebooks/outfit_items_dataset 2 (1)/one-piece/dress/one-piece_dress12794.png,PNG,RGB
43,/content/drive/MyDrive/ColabNotebooks/outfit_items_dataset 2 (1)/one-piece/dress/one-piece_dress12835.png,PNG,RGB
44,/content/drive/MyDrive/ColabNotebooks/outfit_items_dataset 2 (1)/one-piece/dress/one-piece_dress12860.png,PNG,RGB
45,/content/drive/MyDrive/ColabNotebooks/outfit_items_dataset 2 (1)/one-piece/dress/one-piece_dress12887.png,PNG,RGB
46,/content/drive/MyDrive/ColabNotebooks/outfit_items_dataset 2 (1)/one-piece/dress/one-piece_dress12823.png,PNG,RGB
47,/content/drive/MyDrive/ColabNotebooks/outfit_items_dataset 2 (1)/one-piece/dress/one-piece_dress12871.png,PNG,RGB
48,/content/drive/MyDrive/ColabNotebooks/outfit_items_dataset 2 (1)/one-piece/dress/one-piece_dress12885.png,PNG,RGB
49,/content/drive/MyDrive/ColabNotebooks/outfit_items_dataset 2 (1)/one-piece/dress/one-piece_dress12820.png,PNG,RGB
50,/content/drive/MyDrive/ColabNotebooks/outfit_items_dataset 2 (1)/one-piece/dress/one-piece_dress12791.png,PNG,RGB
51,/content/drive/MyDrive/ColabNotebooks/outfit_items_dataset 2 (1)/one-piece/dress/one-piece_dress12805.png,PNG,RGB
52,/content/drive/MyDrive/ColabNotebooks/outfit_items_dataset 2 (1)/one-piece/dress/one-piece_dress1291.png,PNG,RGB
53,/content/drive/MyDrive/ColabNotebooks/outfit_items_dataset 2 (1)/one-piece/dress/one-piece_dress12863.png,PNG,RGB
54,/content/drive/MyDrive/ColabNotebooks/outfit_items_dataset 2 (1)/one-piece/dress/one-piece_dress12811.png,PNG,RGB
55,/content/drive/MyDrive/ColabNotebooks/outfit_items_dataset 2 (1)/one-piece/dress/one-piece_dress12883.png,PNG,RGB
56,/content/drive/MyDrive/ColabNotebooks/outfit_items_dataset 2 (1)/one-piece/dress/one-piece_dress12912.png,PNG,RGB
57,/content/drive/MyDrive/ColabNotebooks/outfit_items_dataset 2 (1)/one-piece/dress/one-piece_dress12807.png,PNG,RGB
58,/content/drive/MyDrive/ColabNotebooks/outfit_items_dataset 2 (1)/one-piece/dress/one-piece_dress12884.png,PNG,RGB
59,/content/drive/MyDrive/ColabNotebooks/outfit_items_dataset 2 (1)/one-piece/dress/one-piece_dress12903.png,PNG,RGB
60,/content/drive/MyDrive/ColabNotebooks/outfit_items_dataset 2 (1)/one-piece/dress/one-piece_dress1283.png,PNG,RGB
61,/content/drive/MyDrive/ColabNotebooks/outfit_items_dataset 2 (1)/one-piece/dress/one-piece_dress12910.png,PNG,RGB
62,/content/drive/MyDrive/ColabNotebooks/outfit_items_dataset 2 (1)/one-piece/dress/one-piece_dress12801.png,PNG,RGB
63,/content/drive/MyDrive/ColabNotebooks/outfit_items_dataset 2 (1)/one-piece/dress/one-piece_dress12867.png,PNG,RGB
64,/content/drive/MyDrive/ColabNotebooks/outfit_items_dataset 2 (1)/one-piece/dress/one-piece_dress12866.png,PNG,RGB
65,/content/drive/MyDrive/ColabNotebooks/outfit_items_dataset 2 (1)/one-piece/dress/one-piece_dress12812.png,PNG,RGB
66,/content/drive/MyDrive/ColabNotebooks/outfit_items_dataset 2 (1)/one-piece/dress/one-piece_dress12897.png,PNG,RGB
67,/content/drive/MyDrive/ColabNotebooks/outfit_items_dataset 2 (1)/one-piece/dress/one-piece_dress12822.png,PNG,RGB
68,/content/drive/MyDrive/ColabNotebooks/outfit_items_dataset 2 (1)/one-piece/dress/one-piece_dress12875.png,PNG,RGB
69,/content/drive/MyDrive/ColabNotebooks/outfit_items_dataset 2 (1)/one-piece/dress/one-piece_dress12876.png,PNG,RGB
70,/content/drive/MyDrive/ColabNotebooks/outfit_items_dataset 2 (1)/one-piece/dress/one-piece_dress12899.png,PNG,RGB
71,/content/drive/MyDrive/ColabNotebooks/outfit_items_dataset 2 (1)/one-piece/dress/one-piece_dress12888.png,PNG,RGB
72,/content/drive/MyDrive/ColabNotebooks/outfit_items_dataset 2 (1)/one-piece/dress/one-piece_dress1287.png,PNG,RGB
73,/content/drive/MyDrive/ColabNotebooks/outfit_items_dataset 2 (1)/one-piece/dress/one-piece_dress1284.png,PNG,RGB
74,/content/drive/MyDrive/ColabNotebooks/outfit_items_dataset 2 (1)/one-piece/dress/one-piece_dress12802.png,PNG,RGB
75,/content/drive/MyDrive/ColabNotebooks/outfit_items_dataset 2 (1)/one-piece/dress/one-piece_dress12792.png,PNG,RGB
76,/content/drive/MyDrive/ColabNotebooks/outfit_items_dataset 2 (1)/one-piece/dress/one-piece_dress12895.png,PNG,RGB
77,/content/drive/MyDrive/ColabNotebooks/outfit_items_dataset 2 (1)/one-piece/dress/one-piece_dress12873.png,PNG,RGB
78,/content/drive/MyDrive/ColabNotebooks/outfit_items_dataset 2 (1)/one-piece/dress/one-piece_dress12902.png,PNG,RGB
79,/content/drive/MyDrive/ColabNotebooks/outfit_items_dataset 2 (1)/one-piece/dress/one-piece_dress12890.png,PNG,RGB
80,/content/drive/MyDrive/ColabNotebooks/outfit_items_dataset 2 (1)/one-piece/dress/one-piece_dress12809.png,PNG,RGB
81,/content/drive/MyDrive/ColabNotebooks/outfit_items_dataset 2 (1)/one-piece/dress/one-piece_dress1280.png,PNG,RGB
82,/content/drive/MyDrive/ColabNotebooks/outfit_items_dataset 2 (1)/one-piece/dress/one-piece_dress12859.png,PNG,RGB
83,/content/drive/MyDrive/ColabNotebooks/outfit_items_dataset 2 (1)/one-piece/dress/one-piece_dress12788.png,PNG,RGB
84,/content/drive/MyDrive/ColabNotebooks/outfit_items_dataset 2 (1)/one-piece/dress/one-piece_dress12852.png,PNG,RGB
85,/content/drive/MyDrive/ColabNotebooks/outfit_items_dataset 2 (1)/one-piece/dress/one-piece_dress12908.png,PNG,RGB
86,/content/drive/MyDrive/ColabNotebooks/outfit_items_dataset 2 (1)/one-piece/dress/one-piece_dress12804.png,PNG,RGB
87,/content/drive/MyDrive/ColabNotebooks/outfit_items_dataset 2 (1)/one-piece/dress/one-piece_dress12909.png,PNG,RGB
88,/content/drive/MyDrive/ColabNotebooks/outfit_items_dataset 2 (1)/one-piece/dress/one-piece_dress128.png,PNG,RGB
89,/content/drive/MyDrive/ColabNotebooks/outfit_items_dataset 2 (1)/one-piece/dress/one-piece_dress12818.png,PNG,RGB
90,/content/drive/MyDrive/ColabNotebooks/outfit_items_dataset 2 (1)/one-piece/dress/one-piece_dress12837.png,PNG,RGB
91,/content/drive/MyDrive/ColabNotebooks/outfit_items_dataset 2 (1)/one-piece/dress/one-piece_dress12893.png,PNG,RGB
92,/content/drive/MyDrive/ColabNotebooks/outfit_items_dataset 2 (1)/one-piece/dress/one-piece_dress12800.png,PNG,RGB
93,/content/drive/MyDrive/ColabNotebooks/outfit_items_dataset 2 (1)/one-piece/dress/one-piece_dress1279.png,PNG,RGB
94,/content/drive/MyDrive/ColabNotebooks/outfit_items_dataset 2 (1)/one-piece/dress/one-piece_dress12861.png,PNG,RGB
95,/content/drive/MyDrive/ColabNotebooks/outfit_items_dataset 2 (1)/one-piece/dress/one-piece_dress12816.png,PNG,RGB
96,/content/drive/MyDrive/ColabNotebooks/outfit_items_dataset 2 (1)/one-piece/dress/one-piece_dress1290.png,PNG,RGB
97,/content/drive/MyDrive/ColabNotebooks/outfit_items_dataset 2 (1)/one-piece/dress/one-piece_dress12830.png,PNG,RGB
98,/content/drive/MyDrive/ColabNotebooks/outfit_items_dataset 2 (1)/one-piece/dress/one-piece_dress12882.png,PNG,RGB
99,/content/drive/MyDrive/ColabNotebooks/outfit_items_dataset 2 (1)/one-piece/dress/one-piece_dress12857.png,PNG,RGB
100,/content/drive/MyDrive/ColabNotebooks/outfit_items_dataset 2 (1)/one-piece/dress/one-piece_dress12825.png,PNG,RGB
