Image,Prominent Color
one-piece_dress13271.png,#272422
one-piece_dress11466.png,#4c5a59
one-piece_dress10778.png,#4f4422
one-piece_dress11300.png,#4e4e4e
one-piece_dress12609.png,#78787a
one-piece_dress11314.png,#070706
one-piece_dress11472.png,#56504f
one-piece_dress13265.png,#3e3f3e
one-piece_dress10744.png,#0a0808
one-piece_dress1089.png,#3a3022
one-piece_dress12153.png,#0b0c0d
one-piece_dress12635.png,#0a0b0f
one-piece_dress10022.png,#10100f
one-piece_dress10036.png,#4b4845
one-piece_dress11328.png,#0b0b0b
one-piece_dress12621.png,#27201e
one-piece_dress13259.png,#55646b
one-piece_dress12147.png,#8f4d5e
one-piece_dress10988.png,#090a09
one-piece_dress10750.png,#78736f
one-piece_dress1076.png,#040304
one-piece_dress10963.png,#7f8391
one-piece_dress12812.png,#3d342c
one-piece_dress12806.png,#594a48
one-piece_dress1062.png,#483b19
one-piece_dress10977.png,#4e4d4a
one-piece_dress12190.png,#23392e
one-piece_dress10787.png,#631019
one-piece_dress11499.png,#460f3b
one-piece_dress10793.png,#090909
one-piece_dress12184.png,#71605d
one-piece_dress13715.png,#67695c
one-piece_dress11102.png,#3a382c
one-piece_dress11664.png,#33302d
one-piece_dress13073.png,#776e5f
one-piece_dress13067.png,#070607
one-piece_dress11670.png,#6f6d6d
one-piece_dress11116.png,#2d2620
one-piece_dress10208.png,#767574
one-piece_dress13701.png,#182628
one-piece_dress10220.png,#676666
one-piece_dress13729.png,#33221d
one-piece_dress12351.png,#444446
one-piece_dress11880.png,#757477
one-piece_dress10546.png,#474040
one-piece_dress11658.png,#050505
one-piece_dress11894.png,#40392c
one-piece_dress10552.png,#3d3c3b
one-piece_dress12345.png,#060706
one-piece_dress10234.png,#69686b
one-piece_dress104.png,#555554
one-piece_dress1274.png,#483d38
one-piece_dress1260.png,#6d605c
one-piece_dress110.png,#0b0a0a
one-piece_dress11843.png,#0a0a0a
one-piece_dress1248.png,#40381f
one-piece_dress10585.png,#757473
one-piece_dress13098.png,#4d4742
one-piece_dress11857.png,#292521
one-piece_dress10591.png,#202526
one-piece_dress13661.png,#1c1c1a
one-piece_dress10368.png,#676b6d
one-piece_dress11076.png,#7c6f6e
one-piece_dress11710.png,#5d2d2d
one-piece_dress13107.png,#3b414a
one-piece_dress12219.png,#0b0c0c
one-piece_dress13113.png,#7b8895
one-piece_dress11704.png,#433433
one-piece_dress11062.png,#342c22
one-piece_dress13675.png,#060606
one-piece_dress10354.png,#510832
one-piece_dress12543.png,#2d2726
one-piece_dress12225.png,#7a444f
one-piece_dress10432.png,#47394b
one-piece_dress11738.png,#282826
one-piece_dress10426.png,#5d514e
one-piece_dress12231.png,#585552
one-piece_dress12557.png,#646e79
one-piece_dress13649.png,#3e3e3d
one-piece_dress10340.png,#0f2724
one-piece_dress1300.png,#0c0b0c
one-piece_dress1314.png,#070606
one-piece_dress12580.png,#19181b
one-piece_dress11089.png,#231e1b
one-piece_dress10397.png,#111211
one-piece_dress11937.png,#0e0e0e
one-piece_dress11923.png,#6f312f
one-piece_dress1328.png,#130b0c
one-piece_dress10383.png,#191917
one-piece_dress12594.png,#545032
one-piece_dress13305.png,#5f5047
one-piece_dress11512.png,#433b37
one-piece_dress11274.png,#403d3c
one-piece_dress13463.png,#676667
one-piece_dress12769.png,#08090a
one-piece_dress11260.png,#121418
one-piece_dress10618.png,#121312
one-piece_dress11506.png,#183136
one-piece_dress13311.png,#72706c
one-piece_dress10630.png,#6d5745
