Image,Download Link
one-piece_dress13271.png,/content/U-2-Net/Processed-Images/one-piece_dress13271.png
one-piece_dress11466.png,/content/U-2-Net/Processed-Images/one-piece_dress11466.png
one-piece_dress10778.png,/content/U-2-Net/Processed-Images/one-piece_dress10778.png
one-piece_dress11300.png,/content/U-2-Net/Processed-Images/one-piece_dress11300.png
one-piece_dress12609.png,/content/U-2-Net/Processed-Images/one-piece_dress12609.png
one-piece_dress11314.png,/content/U-2-Net/Processed-Images/one-piece_dress11314.png
one-piece_dress11472.png,/content/U-2-Net/Processed-Images/one-piece_dress11472.png
one-piece_dress13265.png,/content/U-2-Net/Processed-Images/one-piece_dress13265.png
one-piece_dress10744.png,/content/U-2-Net/Processed-Images/one-piece_dress10744.png
one-piece_dress1089.png,/content/U-2-Net/Processed-Images/one-piece_dress1089.png
one-piece_dress12153.png,/content/U-2-Net/Processed-Images/one-piece_dress12153.png
one-piece_dress12635.png,/content/U-2-Net/Processed-Images/one-piece_dress12635.png
one-piece_dress10022.png,/content/U-2-Net/Processed-Images/one-piece_dress10022.png
one-piece_dress10036.png,/content/U-2-Net/Processed-Images/one-piece_dress10036.png
one-piece_dress11328.png,/content/U-2-Net/Processed-Images/one-piece_dress11328.png
one-piece_dress12621.png,/content/U-2-Net/Processed-Images/one-piece_dress12621.png
one-piece_dress13259.png,/content/U-2-Net/Processed-Images/one-piece_dress13259.png
one-piece_dress12147.png,/content/U-2-Net/Processed-Images/one-piece_dress12147.png
one-piece_dress10988.png,/content/U-2-Net/Processed-Images/one-piece_dress10988.png
one-piece_dress10750.png,/content/U-2-Net/Processed-Images/one-piece_dress10750.png
one-piece_dress1076.png,/content/U-2-Net/Processed-Images/one-piece_dress1076.png
one-piece_dress10963.png,/content/U-2-Net/Processed-Images/one-piece_dress10963.png
one-piece_dress12812.png,/content/U-2-Net/Processed-Images/one-piece_dress12812.png
one-piece_dress12806.png,/content/U-2-Net/Processed-Images/one-piece_dress12806.png
one-piece_dress1062.png,/content/U-2-Net/Processed-Images/one-piece_dress1062.png
one-piece_dress10977.png,/content/U-2-Net/Processed-Images/one-piece_dress10977.png
one-piece_dress12190.png,/content/U-2-Net/Processed-Images/one-piece_dress12190.png
one-piece_dress10787.png,/content/U-2-Net/Processed-Images/one-piece_dress10787.png
one-piece_dress11499.png,/content/U-2-Net/Processed-Images/one-piece_dress11499.png
one-piece_dress10793.png,/content/U-2-Net/Processed-Images/one-piece_dress10793.png
one-piece_dress12184.png,/content/U-2-Net/Processed-Images/one-piece_dress12184.png
one-piece_dress13715.png,/content/U-2-Net/Processed-Images/one-piece_dress13715.png
one-piece_dress11102.png,/content/U-2-Net/Processed-Images/one-piece_dress11102.png
one-piece_dress11664.png,/content/U-2-Net/Processed-Images/one-piece_dress11664.png
one-piece_dress13073.png,/content/U-2-Net/Processed-Images/one-piece_dress13073.png
one-piece_dress13067.png,/content/U-2-Net/Processed-Images/one-piece_dress13067.png
one-piece_dress11670.png,/content/U-2-Net/Processed-Images/one-piece_dress11670.png
one-piece_dress11116.png,/content/U-2-Net/Processed-Images/one-piece_dress11116.png
one-piece_dress10208.png,/content/U-2-Net/Processed-Images/one-piece_dress10208.png
one-piece_dress13701.png,/content/U-2-Net/Processed-Images/one-piece_dress13701.png
one-piece_dress10220.png,/content/U-2-Net/Processed-Images/one-piece_dress10220.png
one-piece_dress13729.png,/content/U-2-Net/Processed-Images/one-piece_dress13729.png
one-piece_dress12351.png,/content/U-2-Net/Processed-Images/one-piece_dress12351.png
one-piece_dress11880.png,/content/U-2-Net/Processed-Images/one-piece_dress11880.png
one-piece_dress10546.png,/content/U-2-Net/Processed-Images/one-piece_dress10546.png
one-piece_dress11658.png,/content/U-2-Net/Processed-Images/one-piece_dress11658.png
one-piece_dress11894.png,/content/U-2-Net/Processed-Images/one-piece_dress11894.png
one-piece_dress10552.png,/content/U-2-Net/Processed-Images/one-piece_dress10552.png
one-piece_dress12345.png,/content/U-2-Net/Processed-Images/one-piece_dress12345.png
one-piece_dress10234.png,/content/U-2-Net/Processed-Images/one-piece_dress10234.png
one-piece_dress104.png,/content/U-2-Net/Processed-Images/one-piece_dress104.png
one-piece_dress1274.png,/content/U-2-Net/Processed-Images/one-piece_dress1274.png
one-piece_dress1260.png,/content/U-2-Net/Processed-Images/one-piece_dress1260.png
one-piece_dress110.png,/content/U-2-Net/Processed-Images/one-piece_dress110.png
one-piece_dress11843.png,/content/U-2-Net/Processed-Images/one-piece_dress11843.png
one-piece_dress1248.png,/content/U-2-Net/Processed-Images/one-piece_dress1248.png
one-piece_dress10585.png,/content/U-2-Net/Processed-Images/one-piece_dress10585.png
one-piece_dress13098.png,/content/U-2-Net/Processed-Images/one-piece_dress13098.png
one-piece_dress11857.png,/content/U-2-Net/Processed-Images/one-piece_dress11857.png
one-piece_dress10591.png,/content/U-2-Net/Processed-Images/one-piece_dress10591.png
one-piece_dress13661.png,/content/U-2-Net/Processed-Images/one-piece_dress13661.png
one-piece_dress10368.png,/content/U-2-Net/Processed-Images/one-piece_dress10368.png
one-piece_dress11076.png,/content/U-2-Net/Processed-Images/one-piece_dress11076.png
one-piece_dress11710.png,/content/U-2-Net/Processed-Images/one-piece_dress11710.png
one-piece_dress13107.png,/content/U-2-Net/Processed-Images/one-piece_dress13107.png
one-piece_dress12219.png,/content/U-2-Net/Processed-Images/one-piece_dress12219.png
one-piece_dress13113.png,/content/U-2-Net/Processed-Images/one-piece_dress13113.png
one-piece_dress11704.png,/content/U-2-Net/Processed-Images/one-piece_dress11704.png
one-piece_dress11062.png,/content/U-2-Net/Processed-Images/one-piece_dress11062.png
one-piece_dress13675.png,/content/U-2-Net/Processed-Images/one-piece_dress13675.png
one-piece_dress10354.png,/content/U-2-Net/Processed-Images/one-piece_dress10354.png
one-piece_dress12543.png,/content/U-2-Net/Processed-Images/one-piece_dress12543.png
one-piece_dress12225.png,/content/U-2-Net/Processed-Images/one-piece_dress12225.png
one-piece_dress10432.png,/content/U-2-Net/Processed-Images/one-piece_dress10432.png
one-piece_dress11738.png,/content/U-2-Net/Processed-Images/one-piece_dress11738.png
one-piece_dress10426.png,/content/U-2-Net/Processed-Images/one-piece_dress10426.png
one-piece_dress12231.png,/content/U-2-Net/Processed-Images/one-piece_dress12231.png
one-piece_dress12557.png,/content/U-2-Net/Processed-Images/one-piece_dress12557.png
one-piece_dress13649.png,/content/U-2-Net/Processed-Images/one-piece_dress13649.png
one-piece_dress10340.png,/content/U-2-Net/Processed-Images/one-piece_dress10340.png
one-piece_dress1300.png,/content/U-2-Net/Processed-Images/one-piece_dress1300.png
one-piece_dress1314.png,/content/U-2-Net/Processed-Images/one-piece_dress1314.png
one-piece_dress12580.png,/content/U-2-Net/Processed-Images/one-piece_dress12580.png
one-piece_dress11089.png,/content/U-2-Net/Processed-Images/one-piece_dress11089.png
one-piece_dress10397.png,/content/U-2-Net/Processed-Images/one-piece_dress10397.png
one-piece_dress11937.png,/content/U-2-Net/Processed-Images/one-piece_dress11937.png
one-piece_dress11923.png,/content/U-2-Net/Processed-Images/one-piece_dress11923.png
one-piece_dress1328.png,/content/U-2-Net/Processed-Images/one-piece_dress1328.png
one-piece_dress10383.png,/content/U-2-Net/Processed-Images/one-piece_dress10383.png
one-piece_dress12594.png,/content/U-2-Net/Processed-Images/one-piece_dress12594.png
one-piece_dress13305.png,/content/U-2-Net/Processed-Images/one-piece_dress13305.png
one-piece_dress11512.png,/content/U-2-Net/Processed-Images/one-piece_dress11512.png
one-piece_dress11274.png,/content/U-2-Net/Processed-Images/one-piece_dress11274.png
one-piece_dress13463.png,/content/U-2-Net/Processed-Images/one-piece_dress13463.png
one-piece_dress12769.png,/content/U-2-Net/Processed-Images/one-piece_dress12769.png
one-piece_dress11260.png,/content/U-2-Net/Processed-Images/one-piece_dress11260.png
one-piece_dress10618.png,/content/U-2-Net/Processed-Images/one-piece_dress10618.png
one-piece_dress11506.png,/content/U-2-Net/Processed-Images/one-piece_dress11506.png
one-piece_dress13311.png,/content/U-2-Net/Processed-Images/one-piece_dress13311.png
one-piece_dress10630.png,/content/U-2-Net/Processed-Images/one-piece_dress10630.png
